tool,2022_users,2022_mediantools,2022_meantools,2021_users,2021_mediantools,2021_meantools,2020_users,2020_mediantools,2020_meantools,2019_users,2019_mediantools,2019_meantools,2018_users,2018_mediantools,2018_meantools,2017_users,2017_mediantools,2017_meantools,total_users
,3.0,1.0,1.2454545454545454,8.0,1.0,1.3210526315789475,7.0,1.0,1.3344827586206895,1.0,4.0,4.938745387453874,,,,1.0,4.0,4.707142857142857,20.0
-lite,1.0,1.0,1.0,1.0,1.0,1.0,2.0,1.5,1.5,,,,,,,,,,4.0
.de altair,1.0,1.0,1.0,,,,,,,,,,,,,,,,1.0
23degrees,,,,1.0,1.0,1.0,,,,,,,,,,,,,1.0
3d prints,,,,,,,,,,,,,,,,1.0,13.0,13.0,1.0
a,,,,,,,1.0,1.0,1.5235294117647058,,,,,,,,,,1.0
a-frame,,,,,,,1.0,1.0,1.0,,,,,,,,,,1.0
ad-hoc,,,,,,,,,,,,,,,,1.0,3.0,3.0,1.0
adobe,,,,2.0,2.0,2.0833333333333335,1.0,2.0,2.2,,,,,,,,,,3.0
adobe after effects,,,,1.0,2.0,2.0,,,,,,,,,,,,,1.0
adobe analytics,1.0,1.0,1.0,1.0,1.0,1.0,,,,,,,,,,,,,2.0
adobe freeh,,,,,,,1.0,2.0,2.0,,,,,,,,,,1.0
adobe indesign,1.0,1.0,1.0,,,,,,,,,,,,,,,,1.0
adobe photoshop,,,,1.0,2.0,2.0,,,,,,,,,,,,,1.0
adobe spark,,,,1.0,1.0,1.0,,,,,,,,,,,,,1.0
adobe xd,2.0,1.5,1.5,4.0,1.5,1.5,2.0,2.0,2.3333333333333335,3.0,6.0,7.333333333333333,,,,,,,11.0
adobe xd for wireframing,,,,,,,1.0,4.0,4.0,,,,,,,,,,1.0
aerialod,1.0,1.0,1.0,,,,,,,,,,,,,,,,1.0
affinity designer,,,,3.0,1.0,1.6666666666666667,2.0,1.0,1.0,2.0,6.5,6.5,,,,1.0,6.0,6.0,8.0
affinity suite,1.0,1.0,1.0,,,,,,,,,,,,,,,,1.0
after effects,3.0,1.0,1.0,3.0,2.0,2.0,1.0,3.0,3.0,1.0,4.0,4.0,,,,1.0,8.0,8.0,9.0
ag-grid-charts,1.0,2.0,2.0,,,,,,,,,,,,,,,,1.0
agency analytics,1.0,1.0,1.0,,,,,,,,,,,,,,,,1.0
airtable,2.0,3.5,3.5,,,,,,,,,,,,,,,,2.0
altafx design,,,,1.0,2.0,2.0,,,,,,,,,,,,,1.0
altair,2.0,4.0,3.0,2.0,2.5,2.5,5.0,1.0,1.1666666666666667,2.0,6.0,6.666666666666667,1.0,5.0,5.0,,,,12.0
altair (python),,,,,,,,,,1.0,6.0,6.0,,,,,,,1.0
altair-viz,,,,,,,1.0,1.0,1.0,,,,,,,,,,1.0
alteryx,2.0,1.0,1.0,5.0,1.0,1.2,4.0,1.0,1.0,5.0,5.0,4.0,,,,1.0,3.0,3.0,17.0
am harts,,,,1.0,1.0,1.0,,,,,,,,,,,,,1.0
amazon quicksight,1.0,1.0,1.0,2.0,1.0,1.0,1.0,1.0,1.0,,,,,,,,,,4.0
amcharts,1.0,1.0,1.0,1.0,1.0,1.0,1.0,2.0,2.0,2.0,4.0,4.0,1.0,5.0,5.0,,,,6.0
amplitude,,,,,,,1.0,2.0,2.0,,,,,,,,,,1.0
anadot infer looker domo,,,,1.0,2.0,2.0,,,,,,,,,,,,,1.0
angular,2.0,1.5,1.5,20.0,6.5,7.6,33.0,8.0,7.303030303030303,53.0,7.0,7.528301886792453,41.0,7.0,7.658536585365853,71.0,7.0,7.563380281690141,220.0
animate cc,,,,,,,,,,1.0,3.0,3.0,,,,,,,1.0
anychart,2.0,1.0,1.0,,,,,,,,,,,,,1.0,9.0,9.0,3.0
anycharts,,,,,,,,,,,,,1.0,5.0,5.0,,,,1.0
apache echart,,,,1.0,1.5,1.5,,,,,,,,,,,,,1.0
apache echarts,,,,1.0,1.0,1.0,,,,,,,,,,,,,1.0
apache superset,2.0,1.0,1.0,,,,,,,1.0,5.0,5.0,,,,,,,3.0
aplpy,,,,,,,,,,1.0,5.0,5.0,,,,,,,1.0
applescript - mysql,,,,,,,,,,,,,,,,1.0,3.0,3.0,1.0
ar,,,,,,,1.0,2.0,1.9047619047619047,,,,,,,,,,1.0
arcadia data,,,,,,,,,,1.0,6.0,6.0,,,,,,,1.0
arcgis,133.0,7.0,7.962406015037594,147.0,7.0,7.3061224489795915,,,,141.0,6.0,7.127659574468085,51.0,7.0,7.2745098039215685,71.0,6.0,6.197183098591549,543.0
arcmap,,,,,,,,,,,,,,,,1.0,5.0,5.0,1.0
arcviz,,,,,,,1.0,1.0,1.0,,,,,,,,,,1.0
argos,1.0,1.0,1.0,,,,,,,,,,,,,,,,1.0
as a designer,,,,1.0,3.0,3.0,,,,,,,,,,,,,1.0
astrato,1.0,3.0,3.0,2.0,1.0,1.0,,,,,,,,,,,,,3.0
astro tools,1.0,1.0,1.0,,,,,,,,,,,,,,,,1.0
atlas.ti,,,,1.0,2.0,2.0,,,,,,,,,,,,,1.0
autodesk maya,,,,,,,1.0,1.0,1.0,,,,,,,,,,1.0
avenza geographic imager,1.0,3.0,3.0,,,,,,,,,,,,,,,,1.0
avenza mapublisher,1.0,3.0,3.0,,,,1.0,1.0,1.0,,,,,,,,,,2.0
aviation company rockwell collins aerospace,,,,1.0,1.0,1.0,,,,,,,,,,,,,1.0
aws quicksight,1.0,1.0,1.0,,,,,,,,,,,,,,,,1.0
axure,1.0,2.0,2.0,1.0,1.0,1.0,,,,1.0,11.0,11.0,,,,,,,3.0
barbwin,,,,1.0,1.0,1.0,,,,,,,,,,,,,1.0
befunky,,,,1.0,2.0,2.0,,,,,,,,,,,,,1.0
biorender,,,,1.0,1.0,1.0,,,,,,,,,,,,,1.0
birst,1.0,1.0,1.0,1.0,1.0,1.0,,,,,,,,,,,,,2.0
blender,2.0,2.0,2.0,1.0,4.0,4.0,2.0,2.5,2.5,1.0,10.0,10.0,,,,1.0,13.0,13.0,7.0
bo,,,,,,,,,,1.0,7.0,7.923766816143497,,,,,,,1.0
bodymovin. maps4news. map shaper.,,,,1.0,3.0,3.0,,,,,,,,,,,,,1.0
bokeh,1.0,2.0,2.0,1.0,2.0,2.0,5.0,2.0,2.8,4.0,5.0,5.5,,,,1.0,7.0,7.0,12.0
britecharts,,,,,,,,,,1.0,8.0,8.0,,,,,,,1.0
business objects,1.0,2.0,2.0,,,,1.0,1.0,1.0,1.0,2.0,2.3333333333333335,,,,,,,3.0
businessobjects,,,,,,,,,,1.0,4.0,4.0,,,,,,,1.0
but also their dashboarding feature,1.0,2.0,2.0,,,,,,,,,,,,,,,,1.0
c,,,,1.0,1.0,1.6837606837606838,,,,,,,,,,1.0,5.0,5.152671755725191,2.0
c#,,,,,,,1.0,1.0,1.0,,,,,,,1.0,10.0,10.0,2.0
c++,,,,1.0,4.0,4.0,1.0,7.0,7.0,,,,,,,,,,2.0
c3,,,,,,,,,,,,,,,,2.0,7.0,7.0,2.0
cables.gl,1.0,1.0,1.0,,,,,,,,,,,,,,,,1.0
cakephp,,,,,,,,,,,,,,,,1.0,7.0,7.0,1.0
cameo enterprise architecture,1.0,1.0,1.0,,,,,,,,,,,,,,,,1.0
camtasia,,,,1.0,2.0,2.0,,,,,,,,,,,,,1.0
canva,11.0,1.0,1.5833333333333333,4.0,1.0,3.5,1.0,1.0,1.0,3.0,8.0,8.278846153846153,,,,,,,19.0
canva [not ],1.0,1.0,1.0,,,,,,,,,,,,,,,,1.0
canvas,112.0,7.0,8.428571428571429,121.0,7.0,7.619834710743802,109.0,8.0,7.944954128440367,101.0,8.0,8.386138613861386,,,,,,,443.0
carto,1.0,2.0,2.0,2.0,2.5,2.5,2.0,2.5,2.5,4.0,10.0,9.5,3.0,5.0,5.333333333333333,5.0,8.5,8.5,17.0
carto (built on kepler.gl,1.0,2.0,2.0,,,,,,,,,,,,,,,,1.0
cartodb,,,,,,,,,,,,,,,,1.0,9.0,9.0,1.0
celonis,1.0,1.0,1.0,,,,,,,,,,,,,,,,1.0
ceros,1.0,1.0,1.0,,,,,,,,,,,,,,,,1.0
cesium,,,,,,,,,,,,,,,,1.0,5.0,5.0,1.0
cesium.js,,,,,,,,,,1.0,5.0,5.0,,,,,,,1.0
cesiumjs,,,,,,,,,,,,,1.0,6.0,6.0,,,,1.0
chap-links,,,,,,,,,,,,,1.0,4.0,4.0,,,,1.0
chart js,,,,1.0,2.0,2.0,,,,,,,,,,,,,1.0
chart tool,,,,,,,,,,,,,,,,1.0,8.0,8.0,1.0
chart.js,1.0,1.0,1.0,1.0,1.0,1.0,1.0,1.0,1.0,,,,3.0,6.0,5.666666666666667,1.0,6.0,6.0,7.0
charticulator,,,,,,,1.0,1.0,1.0,1.0,6.0,6.0,,,,,,,2.0
chartio,,,,,,,,,,2.0,3.0,3.0,,,,1.0,5.0,5.0,3.0
chartjs,1.0,1.0,1.0,,,,,,,1.0,4.0,4.0,,,,,,,2.0
cinema 4d,1.0,3.0,3.0,1.0,3.0,3.0,,,,,,,,,,,,,2.0
clay,,,,,,,1.0,1.0,1.0,,,,,,,,,,1.0
clickup,1.0,6.0,6.0,,,,,,,,,,,,,,,,1.0
clojure,,,,,,,1.0,4.0,4.0,,,,,,,1.0,12.0,12.0,2.0
cloudviz,,,,,,,1.0,1.0,1.0,,,,,,,,,,1.0
cmap tools,,,,,,,1.0,1.0,1.0,,,,,,,,,,1.0
coda,1.0,6.0,6.0,,,,,,,,,,,,,,,,1.0
codap,,,,,,,,,,,,,,,,1.0,5.0,5.0,1.0
cognos,,,,2.0,1.0,1.5,3.0,1.0,1.375,2.0,2.0,3.6666666666666665,2.0,7.5,7.5,2.0,5.5,4.75,11.0
cognos analytics,,,,1.0,1.0,1.0,2.0,1.0,1.4,,,,,,,,,,3.0
cognos bi,,,,,,,,,,,,,,,,2.0,4.0,4.0,2.0
communalytic,,,,1.0,2.0,2.0,,,,,,,,,,,,,1.0
contour from forio,,,,,,,,,,,,,,,,1.0,4.0,4.0,1.0
corel draw,,,,,,,,,,,,,,,,1.0,10.0,10.0,1.0
coreldraw,,,,,,,,,,1.0,7.0,7.0,,,,,,,1.0
count,1.0,1.0,1.0,,,,,,,,,,,,,,,,1.0
crm (former einstein analytics),,,,1.0,1.0,1.0,,,,,,,,,,,,,1.0
crm (salesforce),,,,1.0,2.0,2.0,,,,,,,,,,,,,1.0
crm analytics (formerly  crm),1.0,1.0,1.0,,,,,,,,,,,,,,,,1.0
crm analytics (salesforce native tool),1.0,1.0,1.0,,,,,,,,,,,,,,,,1.0
crossfilter,,,,,,,,,,,,,,,,1.0,6.0,6.0,1.0
crystal reports,,,,,,,,,,,,,1.0,4.0,4.0,,,,1.0
css,1.0,3.0,3.0,,,,,,,1.0,17.0,17.0,,,,,,,2.0
css. also,,,,,,,1.0,5.0,5.0,,,,,,,,,,1.0
csvkit,,,,,,,,,,,,,,,,1.0,5.0,5.0,1.0
custom,,,,,,,1.0,1.5,1.5,,,,1.0,5.5,6.0,,,,2.0
custom charting library,,,,,,,1.0,1.0,1.0,,,,,,,,,,1.0
custom charting tools,,,,,,,,,,,,,,,,2.0,4.5,4.5,2.0
custom code,,,,1.0,1.0,1.0,,,,,,,1.0,9.0,9.0,,,,2.0
custom dashboard,,,,,,,,,,,,,,,,1.0,2.0,2.0,1.0
custom go,,,,,,,,,,,,,,,,1.0,5.0,5.0,1.0
custom jupyter widgets,,,,,,,,,,,,,1.0,4.0,4.0,,,,1.0
custom tool,1.0,1.0,1.0,,,,,,,,,,,,,,,,1.0
cytoscape,1.0,1.0,1.0,,,,17.0,8.0,9.529411764705882,25.0,7.0,8.52,17.0,7.0,7.294117647058823,14.0,6.0,6.642857142857143,74.0
cytoscape.js,,,,,,,,,,1.0,13.0,13.0,,,,,,,1.0
d3,,,,,,,,,,463.0,6.0,6.833693304535637,361.0,6.0,6.016620498614959,535.0,5.0,5.760747663551402,1359.0
d3.js,266.0,7.0,8.289473684210526,414.0,6.0,6.6980676328502415,376.0,6.0,6.752659574468085,,,,,,,,,,1056.0
d3plus,,,,1.0,1.0,1.0,,,,,,,2.0,3.5,3.5,,,,3.0
dapresy,,,,2.0,1.5,1.5,,,,,,,,,,,,,2.0
dart,1.0,2.0,2.0,,,,1.0,1.0,1.0,,,,,,,,,,2.0
data illustrator,,,,,,,,,,1.0,6.0,6.0,4.0,6.5,6.0,,,,5.0
data studio,,,,,,,2.0,1.0,1.6153846153846154,2.0,4.5,5.583333333333333,,,,,,,4.0
data visualizer,,,,,,,1.0,1.0,1.0,,,,,,,,,,1.0
data wrapper,,,,,,,,,,,,,,,,1.0,5.0,5.0,1.0
databricks,1.0,1.0,1.0,1.0,1.0,1.0,,,,,,,,,,,,,2.0
datacubes,,,,,,,,,,1.0,8.0,8.0,,,,,,,1.0
datadog,1.0,1.0,1.0,,,,,,,,,,,,,,,,1.0
datagraph,1.0,2.0,2.0,,,,,,,,,,,,,,,,1.0
dataiku,,,,1.0,2.0,2.0,,,,,,,,,,,,,1.0
datamatic,,,,1.0,11.0,11.0,,,,,,,,,,,,,1.0
datashader,,,,1.0,3.0,3.0,1.0,3.0,3.0,1.0,5.0,5.0,,,,1.0,7.0,7.0,4.0
datastudio,,,,,,,1.0,1.5,1.5,,,,,,,,,,1.0
datavisual,,,,1.0,1.0,1.0,,,,,,,,,,,,,1.0
datawrapper,140.0,8.0,8.978571428571428,171.0,7.0,7.538011695906433,14.0,2.0,1.9285714285714286,6.0,5.5,6.333333333333333,2.0,7.0,7.0,7.0,7.0,7.857142857142857,340.0
datazen,,,,,,,,,,,,,,,,1.0,5.0,5.0,1.0
datorama,1.0,1.0,1.0,1.0,1.0,1.0,,,,,,,,,,,,,2.0
datylon,1.0,1.0,1.0,1.0,1.0,1.0,1.0,1.0,1.0,,,,,,,,,,3.0
datylon illustrator plugin,,,,,,,1.0,1.0,1.0,,,,,,,,,,1.0
dc.js,,,,,,,1.0,1.0,1.0,,,,1.0,9.0,9.0,,,,2.0
deck.gl,2.0,2.0,1.6666666666666667,2.0,1.0,1.0,2.0,1.0,1.0,2.0,6.0,6.0,1.0,5.0,5.0,1.0,4.0,4.0,10.0
deck.gl),1.0,2.0,2.0,,,,,,,,,,,,,,,,1.0
deckgl,,,,,,,,,,,,,1.0,16.0,16.0,,,,1.0
decksh,,,,1.0,1.0,1.0,,,,1.0,1.0,1.0,,,,,,,2.0
delta graph,1.0,1.0,1.0,,,,,,,,,,,,,,,,1.0
denodo,,,,,,,1.0,3.0,3.0,,,,,,,,,,1.0
design. figma for visuals,,,,1.0,5.0,5.0,,,,,,,,,,,,,1.0
dglux,,,,,,,,,,,,,,,,1.0,5.0,5.0,1.0
dhis2,,,,,,,1.0,1.0,1.0,,,,,,,,,,1.0
dhtmlx,,,,,,,,,,,,,1.0,7.0,7.0,,,,1.0
diadem (national instruments),,,,1.0,1.0,1.0,,,,,,,,,,,,,1.0
diagrams,,,,1.0,2.0,2.0,,,,,,,,,,,,,1.0
directx,,,,,,,,,,,,,1.0,13.0,13.0,,,,1.0
domo,3.0,1.0,1.0,4.0,1.0,1.5,4.0,1.0,1.25,3.0,6.0,4.666666666666667,1.0,5.0,5.0,,,,15.0
domo (ugh),,,,1.0,1.0,1.0,,,,,,,,,,,,,1.0
dotmatics),,,,1.0,2.0,2.0,,,,,,,,,,,,,1.0
dplyr,,,,,,,1.0,1.0,1.0,,,,,,,,,,1.0
draw.io,1.0,2.0,2.0,,,,1.0,1.0,1.0,,,,,,,,,,2.0
drawbot,1.0,1.0,1.0,,,,,,,,,,,,,,,,1.0
drawing,,,,,,,,,,,,,,,,2.0,2.5,2.5,2.0
dundas bi,,,,,,,1.0,1.0,1.0,,,,,,,,,,1.0
dundus,,,,1.0,2.0,2.0,,,,,,,,,,,,,1.0
echarts,3.0,1.0,1.25,,,,2.0,1.5,1.5,,,,1.0,10.0,10.0,,,,6.0
ed off to a  developer,,,,,,,1.0,4.0,4.0,,,,,,,,,,1.0
einstein analytics from salesforce,,,,,,,1.0,1.0,1.0,,,,,,,,,,1.0
elastic search charts,,,,1.0,4.0,4.0,,,,,,,,,,,,,1.0
elk,1.0,1.0,1.0,,,,,,,,,,,,,,,,1.0
elm,,,,,,,,,,,,,1.0,10.0,10.0,1.0,2.0,2.0,2.0
elm-visualization,,,,,,,,,,1.0,11.0,11.0,,,,,,,1.0
ember,,,,,,,,,,,,,1.0,3.0,3.0,,,,1.0
ember.js,,,,,,,,,,1.0,2.0,2.0,,,,,,,1.0
epic ehr,,,,,,,,,,1.0,6.0,6.0,,,,,,,1.0
espatial,1.0,3.0,3.0,,,,,,,,,,,,,,,,1.0
estimationstats.org,,,,,,,1.0,3.0,3.0,,,,,,,,,,1.0
everviz,3.0,1.0,1.0,,,,,,,,,,,,,,,,3.0
ex libris' alma data visualization,1.0,1.0,1.0,,,,,,,,,,,,,,,,1.0
excalidraw,,,,2.0,1.0,1.0,,,,,,,,,,,,,2.0
excel,843.0,5.0,5.871886120996441,1079.0,5.0,5.15291936978684,791.0,5.0,5.073324905183313,753.0,5.0,5.335989375830013,313.0,5.0,5.342948717948718,575.0,5.0,5.193379790940766,4354.0
expert tools (schrodinger,,,,1.0,2.0,2.0,,,,,,,,,,,,,1.0
exploratory,,,,1.0,2.0,2.0,,,,,,,1.0,9.0,9.0,,,,2.0
extjs,,,,,,,,,,,,,,,,1.0,4.0,4.0,1.0
facebook analytics,,,,,,,,,,1.0,13.0,13.0,,,,,,,1.0
fathom,,,,,,,,,,,,,,,,1.0,5.0,5.0,1.0
figjam,1.0,1.0,1.0,,,,,,,,,,,,,,,,1.0
figma,250.0,7.0,7.88,41.0,1.0,1.9090909090909092,12.0,1.5,1.9166666666666667,3.0,8.0,7.0,1.0,6.0,6.0,,,,307.0
figma (after exporting from ),,,,1.0,1.0,1.0,,,,,,,,,,,,,1.0
filemaker,,,,,,,,,,,,,,,,1.0,2.0,2.0,1.0
flexdashboard,,,,,,,,,,1.0,5.0,5.0,,,,,,,1.0
flourish,134.0,9.0,9.074626865671641,198.0,7.0,7.085858585858586,28.0,2.0,1.8928571428571428,10.0,6.0,7.2,4.0,5.0,5.5,,,,374.0
flow,,,,1.0,1.0,1.0,,,,,,,,,,,,,1.0
fluorish,,,,,,,,,,1.0,7.0,7.0,,,,,,,1.0
flutter,1.0,2.0,2.0,,,,,,,,,,,,,,,,1.0
folium,1.0,1.0,1.0,,,,,,,,,,,,,,,,1.0
"for the engineers to ""actually"" make with one of the tools above",,,,1.0,3.0,3.0,,,,,,,,,,,,,1.0
fortran,,,,,,,,,,,,,,,,1.0,7.0,7.0,1.0
framer,,,,,,,,,,,,,,,,1.0,7.0,7.0,1.0
framers,,,,,,,,,,1.0,9.0,9.0,,,,,,,1.0
frameworks (svelte for instance). adobe after effects. lottie,,,,1.0,3.0,3.0,,,,,,,,,,,,,1.0
freeh,,,,,,,1.0,2.0,2.3333333333333335,,,,,,,,,,1.0
freehand,,,,,,,,,,,,,,,,1.0,2.0,2.0,1.0
fusion analytics warehouse,1.0,1.0,1.0,,,,,,,,,,,,,,,,1.0
fusioncharts,1.0,2.0,2.0,,,,,,,,,,1.0,6.0,6.0,,,,2.0
g2,,,,,,,,,,,,,1.0,3.0,3.0,,,,1.0
g2.js,1.0,2.0,2.0,,,,,,,,,,,,,,,,1.0
ga tools,,,,,,,1.0,2.0,2.0,,,,,,,,,,1.0
gamesparks,,,,,,,,,,1.0,13.0,13.0,,,,,,,1.0
gcp,,,,1.0,1.0,1.0,,,,,,,,,,,,,1.0
gensim,,,,,,,,,,,,,,,,1.0,5.0,5.0,1.0
geoda,1.0,2.0,2.0,,,,,,,1.0,18.0,18.0,,,,,,,2.0
geoteric etc,,,,1.0,2.0,2.0,,,,,,,,,,,,,1.0
geoviews,,,,,,,,,,1.0,7.0,7.0,,,,,,,1.0
gephi,64.0,9.0,9.484375,71.0,7.0,7.352112676056338,63.0,7.0,7.5396825396825395,78.0,7.0,8.166666666666666,61.0,7.0,7.524590163934426,53.0,6.0,6.943396226415095,390.0
gephi,64.0,9.0,9.484375,71.0,7.0,7.352112676056338,1.0,2.0,2.0,78.0,7.0,8.166666666666666,61.0,7.0,7.524590163934426,53.0,6.0,6.943396226415095,328.0
ggobi,,,,,,,,,,,,,,,,1.0,5.0,5.0,1.0
ggplot,,,,,,,,,,,,,189.0,6.0,6.264550264550264,350.0,5.0,5.477142857142857,539.0
ggplot2,325.0,7.0,7.363076923076923,435.0,6.0,6.409195402298851,351.0,6.0,6.4245014245014245,445.0,6.0,6.292134831460674,,,,,,,1556.0
ggvis,,,,,,,,,,1.0,6.0,6.0,,,,,,,1.0
gimp,,,,2.0,2.5,2.5,1.0,1.0,1.0,,,,,,,2.0,6.0,6.0,5.0
gnuplot,,,,,,,,,,1.0,5.0,5.0,,,,,,,1.0
go.js,,,,,,,,,,,,,1.0,4.0,4.0,,,,1.0
gooddata,,,,,,,,,,1.0,6.0,6.0,,,,,,,1.0
google,,,,,,,,,,,,,,,,1.0,5.0,4.555555555555555,1.0
google charts,,,,,,,1.0,2.0,2.0,1.0,10.0,10.0,,,,,,,2.0
google data studio,134.0,7.0,7.559701492537314,176.0,6.0,6.613636363636363,11.0,1.0,1.7272727272727273,10.0,5.5,6.1,2.0,8.5,8.5,,,,333.0
google datastudio,,,,,,,1.0,1.0,1.0,,,,,,,,,,1.0
google docs,,,,,,,,,,,,,,,,2.0,6.5,6.5,2.0
google earth engine,,,,,,,,,,1.0,7.0,7.0,,,,,,,1.0
google map,,,,,,,,,,1.0,7.0,7.0,,,,,,,1.0
google maps,,,,,,,1.0,2.0,2.0,,,,1.0,16.0,16.0,1.0,6.0,6.0,3.0
google sheet,,,,,,,2.0,1.0,2.0,,,,,,,,,,2.0
google sheets,370.0,7.0,7.424324324324324,15.0,1.0,1.7333333333333334,10.0,1.5,2.2,8.0,6.0,6.25,2.0,9.0,9.0,3.0,2.0,3.0,408.0
google slides,1.0,1.0,1.0,1.0,3.0,3.0,,,,,,,,,,,,,2.0
google slides & sheets,,,,1.0,2.0,2.0,,,,,,,,,,,,,1.0
google spread sheet,,,,1.0,1.0,1.0,,,,,,,,,,,,,1.0
google spreadsheet,,,,1.0,2.0,2.0,,,,,,,,,,,,,1.0
google spreadsheet (for prototyping),,,,,,,1.0,3.0,3.0,,,,,,,,,,1.0
google spreadsheets,,,,,,,,,,,,,,,,2.0,4.0,4.0,2.0
google spreadsheets for early stages.,,,,,,,1.0,5.0,5.0,,,,,,,,,,1.0
google workspace,,,,1.0,2.0,2.0,,,,,,,,,,,,,1.0
googlesheets,,,,2.0,1.5,1.5,,,,,,,,,,,,,2.0
grafana,1.0,1.0,1.0,,,,,,,,,,,,,,,,1.0
grapher,,,,,,,,,,,,,,,,1.0,3.0,3.0,1.0
graphery,1.0,1.0,1.0,,,,,,,,,,,,,,,,1.0
graphpad,,,,1.0,2.0,2.0,,,,,,,,,,,,,1.0
graphviz,,,,1.0,2.0,2.0,,,,,,,,,,,,,1.0
grass,,,,,,,,,,,,,,,,1.0,5.0,5.0,1.0
greensock,,,,,,,17.0,9.0,9.882352941176471,14.0,10.5,10.142857142857142,,,,,,,31.0
grid,,,,1.0,1.0,1.0,,,,1.0,5.0,5.0,,,,,,,2.0
gsheet,,,,1.0,1.0,1.0,,,,,,,,,,,,,1.0
h,,,,,,,1.0,1.0,1.7741935483870968,,,,,,,,,,1.0
hand drawn with adobe director,,,,,,,,,,1.0,1.0,1.0,,,,,,,1.0
haskell,,,,,,,,,,,,,1.0,13.0,13.0,,,,1.0
hex,2.0,1.0,1.0,,,,,,,,,,,,,,,,2.0
highcharts,51.0,7.0,8.294117647058824,58.0,6.0,7.0344827586206895,59.0,8.0,7.661016949152542,95.0,7.0,8.305263157894737,64.0,7.0,7.234375,104.0,6.0,6.6923076923076925,431.0
holoview,,,,,,,,,,1.0,6.0,6.25,,,,,,,1.0
holoviews,,,,,,,1.0,3.0,3.0,3.0,5.0,6.0,,,,,,,4.0
holoviz,,,,1.0,3.0,3.0,,,,,,,,,,,,,1.0
houdini,1.0,2.0,2.0,,,,,,,,,,,,,,,,1.0
html,1.0,3.0,3.0,,,,1.0,5.0,5.0,1.0,17.0,17.0,,,,,,,3.0
html!,,,,1.0,2.0,2.0,,,,,,,,,,,,,1.0
hvplot,,,,1.0,3.0,3.0,,,,1.0,7.0,7.0,,,,,,,2.0
i am often directing my team on these tools,,,,1.0,2.0,2.0,,,,,,,,,,,,,1.0
i don't often use them all myself but have enough knowledge to help developers who are less experienced in data viz requirements.,,,,1.0,2.0,2.0,,,,,,,,,,,,,1.0
i'm usually defining the visualizations in sketch or figma,,,,1.0,3.0,3.0,,,,,,,,,,,,,1.0
ibm cognos,1.0,1.5,1.5,1.0,3.0,3.0,,,,1.0,2.0,2.0,,,,,,,3.0
ibm cognos analytics,,,,,,,2.0,1.0,1.0,,,,,,,,,,2.0
ibm cognos analytics - list reports,1.0,2.0,2.0,,,,,,,,,,,,,,,,1.0
ibm cognos analytics 11.1.5,,,,,,,1.0,1.0,1.0,,,,,,,,,,1.0
idashboards,,,,,,,,,,,,,,,,1.0,3.0,3.0,1.0
if you are listing web dev frameworks,,,,,,,1.0,3.0,3.0,,,,,,,,,,1.0
igor pro from wavemetrics,,,,,,,,,,1.0,5.0,5.0,,,,,,,1.0
illustrator,334.0,7.0,7.838323353293413,426.0,6.0,6.598591549295775,359.0,6.0,6.259052924791086,347.0,6.0,6.501440922190202,176.0,6.0,6.4772727272727275,236.0,6.0,5.983050847457627,1878.0
imagej/fiji,,,,,,,,,,1.0,6.0,6.0,,,,,,,1.0
in house framework,,,,,,,,,,1.0,3.0,3.0,,,,,,,1.0
in house software tools,,,,,,,,,,1.0,4.0,4.0,,,,,,,1.0
in house tools,,,,,,,,,,,,,1.0,3.0,3.0,,,,1.0
in the process of learning r but don't currently utilize it,,,,1.0,1.0,1.0,,,,,,,,,,,,,1.0
in-spire,,,,,,,,,,,,,1.0,6.0,6.0,,,,1.0
incorta,1.0,1.0,1.0,1.0,1.0,1.0,,,,,,,,,,,,,2.0
indesign,6.0,1.0,1.4285714285714286,5.0,1.0,1.8333333333333333,,,,4.0,4.0,4.0,,,,1.0,4.0,4.0,16.0
infogr.am for social posts,,,,,,,,,,,,,,,,1.0,6.0,6.0,1.0
infogram,5.0,1.0,1.2,11.0,1.0,2.0,6.0,1.5,1.5,5.0,6.0,7.6,2.0,3.5,3.5,,,,29.0
infographic online tools,,,,,,,1.0,1.0,1.0,,,,,,,,,,1.0
inkscape,9.0,1.0,1.5,3.0,1.0,1.75,4.0,1.0,1.2,3.0,7.0,6.0,,,,7.0,9.0,8.714285714285714,26.0
inkscape (free alternative to ),1.0,1.0,1.0,,,,,,,,,,,,,,,,1.0
inkscape (sort of free ),,,,1.0,1.0,1.0,,,,,,,,,,,,,1.0
inkscape{6_9},,,,,,,1.0,1.0,1.0,,,,,,,,,,1.0
inkskape,,,,,,,,,,1.0,3.0,3.0,,,,,,,1.0
insight (c) kofax,,,,,,,,,,,,,1.0,3.0,3.0,,,,1.0
internal charting tool,,,,,,,,,,,,,,,,1.0,7.0,7.0,1.0
internal custom javascript components,,,,,,,,,,,,,1.0,4.0,4.0,,,,1.0
internal tools,1.0,1.0,1.0,,,,,,,,,,,,,,,,1.0
invision,,,,1.0,11.0,11.0,,,,,,,,,,,,,1.0
invision freeh,,,,,,,1.0,3.0,3.0,,,,,,,,,,1.0
inviwo,,,,,,,1.0,3.0,3.0,,,,,,,,,,1.0
inzight,,,,,,,,,,,,,1.0,5.0,5.0,,,,1.0
ipad,,,,,,,,,,1.0,6.0,6.0,,,,,,,1.0
ipad keynote,,,,,,,1.0,1.0,1.0,,,,,,,,,,1.0
it is highly variable,,,,,,,,,,1.0,8.0,8.0,,,,,,,1.0
itk,,,,1.0,4.0,4.0,1.0,7.0,7.0,,,,,,,,,,2.0
jamovi,2.0,1.5,1.5,,,,1.0,3.0,3.0,,,,,,,,,,3.0
jaspersoft studio for one of our systems specifically,,,,,,,1.0,1.0,1.0,,,,,,,,,,1.0
java,,,,33.0,8.0,7.757575757575758,,,,34.0,8.0,8.945945945945946,18.0,6.0,6.434782608695652,41.0,6.0,6.5458015267175576,126.0
java&#65279;,,,,,,,25.0,8.0,8.08,,,,,,,,,,25.0
javascript,,,,1.0,2.5,2.25,3.0,2.0,2.4,2.0,10.0,10.666666666666666,2.0,5.0,6.4,2.0,6.0,6.62962962962963,10.0
javascript libraries lfor augmented,,,,,,,1.0,3.0,3.0,,,,,,,,,,1.0
javascript or clojurescript,,,,1.0,1.0,1.0,,,,,,,,,,,,,1.0
jmp,2.0,2.0,2.0,2.0,1.5,1.5,1.0,1.0,1.0,,,,2.0,8.0,8.0,1.0,2.0,2.0,8.0
jquery,,,,1.0,1.0,1.0,1.0,1.0,1.0,,,,,,,,,,2.0
js,,,,,,,1.0,1.0,1.4444444444444444,,,,1.0,6.0,7.0,,,,2.0
juicebox,1.0,1.0,1.0,1.0,1.0,1.0,,,,,,,,,,,,,2.0
julia,,,,,,,,,,1.0,2.0,2.0,,,,2.0,4.5,4.5,3.0
jupyter,,,,1.0,1.0,1.0,1.0,1.0,1.0,1.0,15.0,15.0,,,,,,,3.0
kepler.gl,,,,24.0,9.0,9.333333333333334,30.0,8.0,9.9,40.0,8.5,9.475,,,,,,,94.0
keylines,,,,1.0,3.0,3.0,,,,,,,,,,,,,1.0
keylines api,,,,,,,,,,1.0,6.0,6.0,,,,,,,1.0
keynote,3.0,2.0,2.3333333333333335,3.0,1.0,1.0,1.0,1.0,1.0,2.0,5.0,5.0,,,,,,,9.0
kibana,2.0,1.0,1.0,,,,,,,1.0,7.0,7.0,,,,1.0,8.0,8.0,4.0
kibana (es),,,,,,,1.0,1.0,1.0,,,,,,,,,,1.0
klipfolio,,,,,,,,,,,,,2.0,5.5,5.5,,,,2.0
knime,1.0,1.0,1.0,5.0,1.0,1.2,,,,,,,,,,1.0,5.0,5.0,7.0
knowage,,,,1.0,1.0,1.0,1.0,1.0,1.0,2.0,5.0,5.0,,,,,,,4.0
kronograph,,,,1.0,3.0,3.0,,,,,,,,,,,,,1.0
kumu,1.0,1.0,1.0,,,,,,,,,,,,,,,,1.0
lasercutter,,,,,,,,,,,,,,,,1.0,13.0,13.0,1.0
lattice,,,,,,,,,,1.0,9.0,9.0,,,,,,,1.0
layercake,,,,1.0,2.0,2.0,,,,,,,,,,,,,1.0
leaflet,86.0,8.0,9.127906976744185,134.0,8.0,8.447761194029852,,,,164.0,8.0,8.390243902439025,124.0,8.0,7.911290322580645,182.0,7.0,7.236263736263736,690.0
leaflet&#65279;,,,,,,,120.0,8.0,8.308333333333334,,,,,,,,,,120.0
learning r,,,,1.0,1.5,1.5,,,,,,,,,,,,,1.0
libre office,,,,,,,,,,1.0,4.0,4.0,,,,,,,1.0
librecalc,1.0,1.0,1.0,,,,,,,,,,,,,,,,1.0
libreoffice,,,,,,,,,,,,,,,,1.0,11.0,11.0,1.0
libreoffice calc,,,,,,,,,,,,,1.0,9.0,9.0,,,,1.0
libsvgwrite,,,,,,,,,,1.0,4.0,4.0,,,,,,,1.0
lightfoot,,,,1.0,1.0,1.0,,,,,,,,,,,,,1.0
localfocus,,,,,,,,,,,,,1.0,16.0,16.0,,,,1.0
logi analytics,,,,1.0,1.0,1.0,,,,,,,,,,,,,1.0
logianalytics,,,,,,,,,,,,,,,,1.0,1.0,1.0,1.0
looker,34.0,6.0,5.794117647058823,26.0,1.0,1.2592592592592593,7.0,1.0,1.7142857142857142,3.0,8.0,6.333333333333333,,,,2.0,3.0,3.0,72.0
lucid charts,,,,1.0,1.0,1.0,,,,,,,,,,,,,1.0
lucidchart,2.0,1.0,1.0,5.0,2.0,1.6,,,,1.0,3.0,3.0,,,,,,,8.0
lucidpress,,,,,,,,,,1.0,3.0,3.0,,,,,,,1.0
magento bi,,,,,,,,,,,,,1.0,6.0,6.0,,,,1.0
mainly,,,,,,,1.0,5.0,5.0,,,,,,,,,,1.0
mapbox,120.0,9.0,9.891666666666667,167.0,8.0,8.377245508982035,164.0,8.0,7.896341463414634,208.0,8.0,8.149038461538462,130.0,7.0,7.538461538461538,142.0,7.0,7.190140845070423,931.0
mapchart,,,,1.0,1.0,1.0,,,,,,,,,,,,,1.0
mapcreator,,,,,,,1.0,1.0,1.0,,,,,,,,,,1.0
mapline,,,,1.0,1.0,1.0,,,,,,,,,,,,,1.0
maps4news,,,,,,,,,,,,,,,,1.0,6.0,6.0,1.0
mapshaper,,,,1.0,3.0,3.0,,,,,,,,,,1.0,9.0,9.0,2.0
mapublisher,,,,1.0,1.0,1.0,,,,,,,,,,,,,1.0
markers,1.0,2.0,2.0,,,,,,,,,,,,,,,,1.0
marquee charts,,,,,,,,,,,,,,,,1.0,4.0,4.0,1.0
mathematica,,,,1.0,2.0,2.0,,,,2.0,4.0,4.0,,,,1.0,4.0,4.0,4.0
matlab,1.0,1.0,1.0,4.0,1.0,1.0,3.0,1.0,1.0,6.0,5.0,4.5,1.0,8.0,8.0,4.0,4.0,5.0,19.0
matlab (and proprietary libraries),,,,,,,,,,,,,,,,1.0,3.0,3.0,1.0
matlab (how is this not included in the list?),1.0,1.0,1.0,,,,,,,,,,,,,,,,1.0
matplot,,,,,,,,,,,,,,,,3.0,6.0,5.5,3.0
matplotlib,5.0,4.0,3.2,5.0,2.0,2.0,187.0,6.0,6.989304812834225,153.0,6.0,6.1558441558441555,3.0,4.0,5.0,3.0,7.0,5.666666666666667,356.0
matter.js,1.0,2.0,2.0,,,,,,,,,,,,,,,,1.0
maxqda,,,,1.0,2.0,2.0,,,,,,,,,,,,,1.0
maya,,,,,,,,,,,,,,,,1.0,12.0,12.0,1.0
mayavi,,,,,,,,,,1.0,3.0,3.0,,,,,,,1.0
metabase,1.0,1.0,1.0,5.0,2.0,1.6,1.0,1.0,1.0,2.0,4.5,4.5,1.0,3.0,3.0,,,,10.0
microsoft office powerpoint,,,,,,,,,,1.0,9.0,9.0,,,,,,,1.0
microsoft reporting services,,,,,,,1.0,1.0,1.0,,,,,,,,,,1.0
microsoft ssrs,,,,1.0,1.0,1.0,,,,,,,,,,,,,1.0
microsoft word,1.0,3.0,3.0,1.0,1.0,1.0,,,,,,,,,,,,,2.0
microstrategy,4.0,1.0,1.0,4.0,1.0,1.0,18.0,6.0,6.611111111111111,18.0,6.0,6.666666666666667,8.0,7.5,9.375,27.0,6.0,6.481481481481482,79.0
microstrategy,4.0,1.0,1.0,4.0,1.0,1.0,1.0,2.0,2.0,18.0,6.0,6.666666666666667,8.0,7.5,9.375,27.0,6.0,6.481481481481482,62.0
microstrategy quicksight,1.0,1.0,1.0,,,,,,,,,,,,,,,,1.0
minitab,1.0,1.0,1.0,2.0,1.5,1.5,,,,,,,,,,1.0,4.0,4.0,4.0
miro,4.0,1.5,2.5,4.0,2.5,2.25,,,,,,,,,,,,,8.0
mixpanel,1.0,1.0,1.0,,,,,,,,,,,,,,,,1.0
mode,1.0,1.5,1.5,,,,,,,,,,,,,1.0,3.0,3.0,2.0
mode analytics,1.0,1.0,1.0,1.0,4.0,4.0,,,,,,,2.0,5.5,5.5,,,,4.0
more,,,,1.0,2.0,2.0,,,,,,,,,,,,,1.0
ms office,,,,,,,,,,1.0,3.0,3.0,,,,,,,1.0
ms paint,,,,1.0,1.0,1.0,,,,,,,,,,,,,1.0
ms powerpoint,,,,,,,,,,1.0,3.0,3.0,,,,,,,1.0
muzli search,,,,1.0,11.0,11.0,,,,,,,,,,,,,1.0
mysql,,,,,,,,,,1.0,9.0,9.0,,,,,,,1.0
n,,,,,,,1.0,1.0,1.5098039215686274,,,,,,,,,,1.0
nannou,,,,,,,1.0,2.0,2.0,,,,,,,,,,1.0
net.create,,,,1.0,2.0,2.0,,,,,,,,,,,,,1.0
netdraw,1.0,1.0,1.0,,,,,,,,,,,,,,,,1.0
netlytic,,,,1.0,2.0,2.0,,,,,,,,,,,,,1.0
netscity,,,,,,,1.0,1.0,1.0,,,,,,,,,,1.0
networkx,,,,,,,,,,,,,,,,1.0,7.0,7.0,1.0
nextjs,,,,1.0,1.0,1.0,,,,,,,,,,,,,1.0
nglview,,,,,,,,,,1.0,5.0,5.0,,,,,,,1.0
niagara,,,,,,,,,,,,,,,,1.0,5.0,5.0,1.0
nivo,,,,,,,,,,1.0,5.0,5.0,,,,,,,1.0
node,,,,,,,,,,,,,1.0,4.0,4.0,,,,1.0
node boox,,,,,,,1.0,5.0,5.0,,,,,,,,,,1.0
nodebox,,,,1.0,1.0,1.0,2.0,1.0,1.0,2.0,9.5,9.5,,,,1.0,4.0,4.0,6.0
nodebox 3,,,,,,,1.0,1.0,1.0,,,,,,,,,,1.0
nodexl,,,,,,,1.0,1.0,1.0,,,,,,,,,,1.0
non-traditional. we are toolbuilders.,,,,,,,1.0,1.0,1.0,,,,,,,,,,1.0
notebooks,1.0,1.0,1.0,,,,,,,,,,,,,,,,1.0
notion,1.0,6.0,6.0,,,,,,,,,,,,,,,,1.0
numbers,,,,,,,,,,1.0,10.0,10.0,1.0,5.0,5.0,,,,2.0
o framework,,,,1.0,3.0,3.0,,,,,,,,,,,,,1.0
obiee,2.0,1.0,1.0,,,,,,,,,,,,,,,,2.0
observable,98.0,10.0,10.275510204081632,157.0,7.0,7.687898089171974,1.0,3.5,3.5,1.0,15.0,15.0,,,,,,,257.0
observable notebooks (i mean,,,,,,,1.0,3.0,3.0,,,,,,,,,,1.0
observable plot,,,,1.0,2.0,2.0,,,,,,,,,,,,,1.0
ods statitical graphs,1.0,2.0,2.0,,,,,,,,,,,,,,,,1.0
ogma.js,,,,,,,,,,,,,,,,1.0,4.0,4.0,1.0
omnigraffle,1.0,1.0,1.0,1.0,1.0,1.0,,,,2.0,9.0,9.0,,,,,,,4.0
omniscope,,,,,,,,,,,,,1.0,4.0,4.0,,,,1.0
online tools,,,,,,,1.0,1.0,1.0,,,,,,,,,,1.0
open-source image editing software,1.0,1.0,1.0,,,,,,,,,,,,,,,,1.0
openframeworks,,,,,,,1.0,2.0,2.0,,,,,,,,,,1.0
opengl,,,,1.0,4.0,4.0,1.0,7.0,7.0,,,,1.0,13.0,13.0,,,,3.0
openlayers,,,,1.0,2.0,2.0,,,,1.0,8.0,8.0,,,,1.0,4.0,4.0,3.0
ora netscenes,,,,,,,,,,,,,,,,1.0,6.0,6.0,1.0
oracle - obiee,,,,,,,1.0,1.0,1.0,,,,,,,,,,1.0
oracle analytics cloud,,,,1.0,1.0,1.0,,,,,,,,,,,,,1.0
oracle analytics cloud obiee,,,,,,,1.0,1.0,1.0,,,,,,,,,,1.0
oracle analytics server,1.0,1.0,1.0,,,,,,,,,,,,,,,,1.0
oracle business intelligence enterprise edition,,,,,,,2.0,1.0,1.0,,,,,,,,,,2.0
oracle data visualizer,1.0,1.0,1.0,,,,,,,,,,,,,,,,1.0
oracle dv,,,,1.0,1.0,1.0,,,,,,,,,,,,,1.0
oracle dvd,,,,,,,,,,,,,,,,1.0,3.0,3.0,1.0
orange,,,,1.0,2.0,2.0,,,,,,,,,,,,,1.0
osisoft pi vision,,,,,,,1.0,1.0,1.0,,,,,,,,,,1.0
other,,,,,,,,,,,,,,,,1.0,5.0,5.713058419243986,1.0
other bi,,,,,,,,,,,,,,,,52.0,5.0,5.8076923076923075,52.0
other bi tools,,,,,,,1.0,2.0,2.0,1.0,3.0,3.0,,,,,,,2.0
other free online resources,,,,,,,1.0,2.0,2.0,,,,,,,,,,1.0
other gis,,,,,,,,,,,,,,,,30.0,7.0,7.166666666666667,30.0
other javascript,,,,,,,,,,,,,,,,241.0,6.0,6.651452282157677,241.0
other javascript libraries,,,,1.0,3.0,3.0,,,,,,,,,,,,,1.0
other js libraries,,,,,,,,,,,,,1.0,5.0,5.0,,,,1.0
other mvc,,,,,,,,,,,,,,,,25.0,8.0,8.28,25.0
other network visualization suite,,,,,,,,,,,,,,,,19.0,5.0,6.315789473684211,19.0
other physical materials,,,,,,,,,,58.0,7.0,7.810344827586207,,,,,,,58.0
other python,,,,,,,,,,,,,,,,185.0,7.0,6.827027027027027,185.0
other python libs,,,,,,,1.0,2.0,2.0,,,,,,,,,,1.0
other r,,,,,,,,,,,,,,,,251.0,5.0,5.725099601593626,251.0
other react libraries,,,,,,,,,,,,,1.0,5.0,5.0,,,,1.0
other tools such as unity,,,,,,,1.0,3.0,3.0,,,,,,,,,,1.0
our own js libraries,,,,,,,,,,,,,,,,1.0,5.0,5.0,1.0
outsystems,,,,,,,1.0,1.0,1.0,,,,,,,,,,1.0
p5.js,,,,,,,1.0,2.0,2.0,1.0,11.0,11.0,,,,2.0,8.5,8.5,4.0
p5/processing,44.0,10.5,11.477272727272727,55.0,9.0,8.763636363636364,59.0,8.0,8.440677966101696,44.0,9.0,9.454545454545455,,,,,,,202.0
palladio,,,,1.0,2.0,2.0,,,,,,,,,,,,,1.0
pandas,,,,,,,,,,,,,,,,157.0,7.0,7.070063694267516,157.0
paralel plotting,,,,1.0,4.0,4.0,,,,,,,,,,,,,1.0
paraview,1.0,3.0,3.0,,,,2.0,2.5,2.5,,,,,,,1.0,13.0,13.0,4.0
pen & paper,333.0,7.0,7.564564564564565,522.0,6.0,6.300766283524904,,,,413.0,6.0,6.261501210653753,1.0,13.0,13.0,1.0,4.0,4.0,1270.0
pen &amp; paper,,,,,,,400.0,5.0,5.8075,,,,,,,,,,400.0
pentaho,1.0,1.0,1.0,,,,,,,1.0,15.0,15.0,,,,1.0,5.0,5.0,3.0
periscope,,,,1.0,1.0,1.0,,,,,,,,,,,,,1.0
periscope data,1.0,1.0,1.0,,,,,,,1.0,1.0,1.0,,,,,,,2.0
perl,,,,,,,,,,,,,,,,1.0,3.0,3.0,1.0
pgplot,,,,,,,,,,,,,,,,1.0,7.0,7.0,1.0
phaser.js,,,,,,,1.0,1.0,1.0,,,,,,,,,,1.0
photo-paint,,,,,,,,,,,,,,,,1.0,10.0,10.0,1.0
photoshop,1.0,1.5,1.5,5.0,2.0,2.0,3.0,1.0,1.6666666666666667,,,,2.0,4.0,7.333333333333333,1.0,2.0,2.0,12.0
photoshop elements,,,,,,,,,,,,,1.0,4.0,4.0,,,,1.0
photoshop for publication design,1.0,2.0,2.0,,,,,,,,,,,,,,,,1.0
phovea,,,,,,,,,,,,,,,,1.0,3.0,3.0,1.0
php,,,,,,,1.0,2.0,2.0,1.0,9.0,9.0,,,,2.0,7.0,6.333333333333333,4.0
physical materials (other than pen and paper),41.0,9.0,9.21951219512195,69.0,6.0,7.536231884057971,77.0,6.0,6.974025974025974,,,,,,,,,,187.0
picktochart,,,,1.0,1.0,1.0,,,,,,,,,,,,,1.0
piktochart,4.0,1.0,1.0,,,,,,,3.0,5.0,5.0,,,,1.0,3.0,3.0,8.0
pixi.js,,,,,,,,,,1.0,12.0,12.0,1.0,9.0,9.0,,,,2.0
plain svg,,,,,,,,,,,,,,,,1.0,7.0,7.0,1.0
plot,,,,1.0,2.0,2.0,,,,,,,,,,,,,1.0
plot.js,1.0,1.0,1.0,,,,,,,,,,,,,,,,1.0
plotly,182.0,7.0,7.642857142857143,223.0,7.0,7.242152466367713,209.0,7.0,7.167464114832536,222.0,6.0,7.256756756756757,98.0,7.0,7.469387755102041,117.0,6.0,6.854700854700854,1051.0
plotnine,,,,,,,,,,1.0,9.0,9.0,,,,,,,1.0
polinode,,,,,,,1.0,1.0,1.0,,,,,,,,,,1.0
postgis,,,,,,,,,,,,,,,,1.0,6.0,6.0,1.0
postgres,,,,,,,,,,,,,,,,1.0,6.0,6.0,1.0
power apps,,,,1.0,2.0,2.0,,,,,,,,,,,,,1.0
power bi,388.0,5.0,5.793814432989691,461.0,5.0,5.221258134490238,331.0,5.0,5.308157099697885,239.0,5.0,5.635983263598327,86.0,5.5,5.627906976744186,83.0,5.0,5.469879518072289,1588.0
power pivot,,,,,,,,,,,,,,,,1.0,2.0,2.0,1.0
power point,,,,,,,1.0,1.0,1.0,,,,,,,,,,1.0
powerpoint,551.0,5.0,6.045372050816697,681.0,5.0,5.368575624082232,14.0,1.0,1.2,15.0,4.0,4.529411764705882,3.0,3.0,3.3333333333333335,3.0,6.0,5.333333333333333,1267.0
powerpoint! it‚Äôs possible!,,,,,,,1.0,2.0,2.0,,,,,,,,,,1.0
pp,,,,,,,1.0,2.0,1.8888888888888888,,,,,,,,,,1.0
ppt,,,,,,,2.0,1.5,1.5,1.0,4.0,4.0,,,,,,,3.0
pre-made template based on,,,,,,,1.0,1.0,1.0,,,,,,,,,,1.0
prezi for infographics,,,,1.0,1.0,1.0,,,,,,,,,,,,,1.0
processing,,,,,,,1.0,2.0,2.0,46.0,9.0,8.892307692307693,31.0,9.0,8.67741935483871,84.0,7.0,7.4523809523809526,162.0
procreate,3.0,1.0,1.3333333333333333,,,,1.0,1.0,1.0,,,,,,,,,,4.0
programming,,,,1.0,1.0,1.0,,,,,,,,,,,,,1.0
prompto,,,,,,,,,,,,,1.0,4.0,4.0,,,,1.0
proprietary web data visualization platform,1.0,1.0,1.0,,,,,,,,,,,,,,,,1.0
prototyping work,,,,,,,1.0,4.0,4.0,,,,,,,,,,1.0
pyramid analytics,1.0,2.0,2.0,,,,,,,,,,,,,,,,1.0
python,315.0,7.0,7.533333333333333,530.0,6.0,6.209433962264151,426.0,6.0,6.305164319248826,469.0,6.0,6.371002132196162,226.0,6.0,6.685840707964601,,,,1966.0
pyviz,,,,,,,,,,1.0,7.0,7.0,,,,,,,1.0
qgis,128.0,9.0,9.4765625,193.0,8.0,7.875647668393782,163.0,7.0,7.319018404907975,178.0,7.0,7.870786516853933,111.0,7.0,7.576576576576577,87.0,7.0,7.666666666666667,860.0
qlik,47.0,6.0,6.276595744680851,61.0,5.0,5.573770491803279,57.0,5.0,5.631578947368421,36.0,6.0,6.833333333333333,26.0,4.0,4.8076923076923075,42.0,6.0,6.595238095238095,269.0
qt charts,,,,,,,,,,,,,,,,1.0,7.0,7.0,1.0
quadrigramm,,,,,,,,,,,,,,,,1.0,5.0,5.0,1.0
qualtrics,3.0,1.0,1.0,1.0,2.0,2.0,,,,1.0,2.0,2.0,,,,,,,5.0
quantum metric,,,,2.0,2.0,2.0,,,,,,,,,,,,,2.0
quicksight,,,,1.0,1.0,1.3333333333333333,5.0,1.0,1.1666666666666667,1.0,4.0,4.0,1.0,5.0,5.0,,,,8.0
r,373.0,6.0,7.158176943699732,561.0,6.0,6.262032085561497,432.0,6.0,6.3125,508.0,5.0,5.5226860254083485,228.0,5.0,5.59795918367347,1.0,5.0,5.249382716049383,2103.0
r,373.0,6.0,7.158176943699732,2.0,1.0,1.462686567164179,432.0,6.0,6.3125,508.0,5.0,5.5226860254083485,228.0,5.0,5.59795918367347,1.0,5.0,5.249382716049383,1544.0
r shiny,1.0,1.0,1.0,,,,,,,,,,,,,1.0,5.0,5.0,2.0
raw,,,,2.0,1.0,1.5365853658536586,4.0,1.0,1.7647058823529411,2.0,5.5,6.2,2.0,7.0,6.142857142857143,5.0,4.0,4.777777777777778,15.0
raw data,,,,1.0,1.0,1.0,,,,,,,,,,,,,1.0
raw design,,,,,,,1.0,1.0,1.0,,,,,,,,,,1.0
raw graph,,,,2.0,1.0,1.3636363636363635,1.0,1.0,2.3333333333333335,,,,,,,,,,3.0
raw graphics,,,,1.0,1.0,1.0,,,,1.0,5.0,5.0,,,,,,,2.0
raw graphs,,,,7.0,1.0,1.5,2.0,3.0,3.0,2.0,11.5,11.5,1.0,7.0,7.0,,,,12.0
raw graphs for wexploration. adobe indesign for merging data,,,,1.0,5.0,5.0,,,,,,,,,,,,,1.0
raw.io,,,,,,,1.0,1.0,1.0,,,,,,,,,,1.0
rawcharts,,,,,,,,,,,,,,,,1.0,3.0,3.0,1.0
rawdensity,,,,1.0,1.0,1.0,,,,,,,,,,,,,1.0
rawdesign,,,,1.0,1.0,1.0,,,,,,,,,,,,,1.0
rawgraph,,,,1.0,1.0,1.263157894736842,1.0,2.0,2.0,,,,,,,,,,2.0
rawgraphs,154.0,8.0,8.857142857142858,16.0,1.0,1.2777777777777777,5.0,2.0,2.0,1.0,4.5,4.5,4.0,7.0,7.0,,,,180.0
rawgraphs 2.0,,,,1.0,1.0,1.0,,,,,,,,,,,,,1.0
rawgraphs.io,,,,1.0,1.0,1.0,1.0,1.0,1.0,1.0,4.0,4.0,,,,,,,3.0
rawpixel,,,,1.0,11.0,11.0,,,,,,,,,,,,,1.0
rdbms,,,,,,,,,,,,,,,,1.0,10.0,10.0,1.0
react,80.0,8.0,9.1625,146.0,7.0,6.958904109589041,132.0,7.0,7.287878787878788,139.0,7.0,7.392857142857143,109.0,6.0,6.63302752293578,127.0,6.0,6.47244094488189,733.0
react-vis,,,,,,,,,,2.0,4.0,4.0,,,,,,,2.0
recharts,,,,,,,2.0,1.0,1.0,1.0,5.0,5.0,1.0,10.0,10.0,6.0,6.0,6.833333333333333,10.0
recharts library (),1.0,1.0,1.0,,,,,,,,,,,,,,,,1.0
regl,,,,,,,1.0,1.0,1.0,,,,1.0,5.0,5.0,,,,2.0
regraph,,,,1.0,3.0,3.0,,,,,,,,,,,,,1.0
report builder 3.0,1.0,1.0,1.0,,,,,,,,,,,,,,,,1.0
resonant lab,,,,,,,,,,,,,1.0,5.0,5.0,,,,1.0
rhino/grasshopper,,,,,,,,,,1.0,7.0,7.0,,,,,,,1.0
rivets.js,,,,,,,,,,1.0,6.0,6.0,,,,,,,1.0
rmarkdown,,,,1.0,1.0,1.0,,,,,,,,,,,,,1.0
root,1.0,2.0,2.0,,,,,,,,,,,,,,,,1.0
saas,1.0,3.0,3.0,,,,,,,,,,,,,,,,1.0
sac,1.0,1.0,1.0,,,,,,,,,,,,,,,,1.0
salesforce,1.0,1.0,1.0,1.0,2.0,2.0,1.0,1.0,1.0,1.0,3.0,3.0,,,,1.0,4.0,4.0,5.0
salesforce dashboards,,,,1.0,1.0,1.0,,,,,,,,,,,,,1.0
sanketmatic,1.0,1.0,1.0,,,,,,,,,,,,,,,,1.0
sap,,,,1.0,1.0,1.2,,,,1.0,2.0,2.7142857142857144,,,,,,,2.0
sap _analytics cloud,1.0,1.0,1.0,,,,,,,,,,,,,,,,1.0
sap analytics cloud,1.0,1.0,1.0,3.0,1.0,1.0,1.0,1.0,1.0,,,,,,,,,,5.0
sap bo,,,,,,,,,,2.0,1.0,1.0,,,,,,,2.0
sap business objects,,,,,,,1.0,1.0,1.0,2.0,2.0,2.0,1.0,6.0,6.0,,,,4.0
sap business objects/design studio,,,,,,,,,,,,,,,,1.0,10.0,10.0,1.0
sap lumira,,,,,,,,,,1.0,7.0,7.0,,,,,,,1.0
sap webi,1.0,1.0,1.0,1.0,2.0,2.0,,,,1.0,4.0,4.0,,,,,,,3.0
sap-webi,1.0,1.0,1.0,,,,,,,,,,,,,,,,1.0
sas,8.0,1.0,1.4,9.0,1.0,1.2307692307692308,4.0,1.0,1.2,8.0,4.5,4.7,3.0,6.0,7.0,5.0,4.0,4.888888888888889,37.0
sas (occasionally),,,,1.0,1.0,1.0,,,,,,,,,,,,,1.0
sas va,,,,,,,,,,,,,,,,1.0,3.0,3.0,1.0
sas vi,,,,,,,,,,,,,,,,1.0,4.0,4.333333333333333,1.0
sas visual analytics,1.0,1.0,1.0,3.0,1.0,2.0,1.0,1.0,1.0,1.0,5.0,5.0,,,,2.0,3.5,3.5,8.0
sas-graph sas,1.0,2.0,2.0,,,,,,,,,,,,,,,,1.0
scala,,,,,,,,,,,,,1.0,4.0,4.0,,,,1.0
scisense,,,,,,,1.0,1.0,1.0,,,,,,,,,,1.0
script,,,,1.0,2.0,2.375,,,,,,,,,,,,,1.0
script (mostly) for the final product.,,,,1.0,5.0,5.0,,,,,,,,,,,,,1.0
scrollama,,,,,,,,,,,,,1.0,16.0,16.0,,,,1.0
seaboard & matplotlib (python),,,,,,,,,,1.0,4.0,4.0,,,,,,,1.0
seaborn,4.0,4.0,3.5,2.0,4.0,4.0,3.0,2.0,1.6666666666666667,6.0,5.0,5.333333333333333,3.0,7.0,7.333333333333333,2.0,7.5,7.5,20.0
self-made,,,,,,,1.0,1.0,1.0,,,,,,,,,,1.0
semiotic,,,,,,,11.0,7.0,8.0,16.0,8.5,8.875,13.0,7.0,6.6923076923076925,,,,40.0
semiotic.js,,,,1.0,1.0,1.0,,,,,,,,,,,,,1.0
sense,1.0,2.0,2.0,,,,,,,,,,,,,,,,1.0
service now,1.0,1.0,1.0,,,,,,,,,,,,,,,,1.0
several ggplot extensions,,,,1.0,1.0,1.0,,,,,,,,,,,,,1.0
sharepoint,,,,,,,,,,,,,1.0,6.0,6.0,,,,1.0
sheets,,,,1.0,1.0,1.6842105263157894,,,,,,,,,,,,,1.0
shiny,1.0,1.0,1.0,,,,,,,,,,1.0,4.0,4.0,2.0,5.0,5.0,4.0
shiny (r),,,,,,,,,,1.0,5.0,5.0,,,,,,,1.0
showmydata.org,,,,,,,1.0,3.0,3.0,1.0,6.0,6.0,,,,,,,2.0
sigma,1.0,1.0,1.0,,,,,,,,,,,,,,,,1.0
sigma bi,,,,1.0,1.0,1.0,,,,,,,,,,,,,1.0
sigma.js,,,,,,,1.0,1.0,1.0,,,,,,,,,,1.0
sigmaplot,,,,1.0,1.0,1.0,,,,,,,,,,,,,1.0
siscense,,,,1.0,1.0,1.0,,,,,,,,,,,,,1.0
sisense,1.0,1.0,1.0,2.0,1.0,1.0,2.0,1.0,1.0,1.0,5.0,5.0,,,,,,,6.0
sisense cloud data for teams,,,,,,,1.0,1.0,1.0,,,,,,,,,,1.0
sisense for cloud data teams,,,,1.0,1.0,1.0,,,,,,,,,,,,,1.0
sketch,3.0,1.0,1.3333333333333333,9.0,3.0,3.4,8.0,1.0,1.7777777777777777,6.0,4.0,5.428571428571429,1.0,8.0,8.0,4.0,5.0,6.6,31.0
sketch (software) mock ups,,,,,,,,,,1.0,3.0,3.0,,,,,,,1.0
sketch app,,,,,,,1.0,3.0,3.0,,,,,,,,,,1.0
sketch.app,,,,,,,,,,,,,,,,1.0,3.0,3.0,1.0
sketchup pro,,,,1.0,4.0,4.0,,,,,,,,,,,,,1.0
skyspark,,,,,,,,,,,,,,,,1.0,5.0,5.0,1.0
slicerdicer,1.0,1.0,1.0,,,,,,,,,,,,,,,,1.0
smalltalk,,,,,,,,,,1.0,9.0,9.0,,,,,,,1.0
smartdraw,,,,1.0,2.0,2.0,,,,,,,,,,,,,1.0
snowflake.io,1.0,1.0,1.0,,,,,,,,,,,,,,,,1.0
specific technical software i use such as petrel,,,,1.0,2.0,2.0,,,,,,,,,,,,,1.0
spotfire,3.0,1.0,1.0,3.0,1.0,1.0,1.0,1.0,1.0,4.0,5.5,6.25,3.0,3.0,3.25,5.0,5.0,6.285714285714286,19.0
spss,,,,3.0,1.5,1.5,2.0,1.0,1.0,5.0,5.0,4.6,1.0,2.0,2.0,4.0,4.5,5.0,15.0
sql,,,,,,,1.0,1.0,1.0,,,,,,,1.0,5.0,5.333333333333333,2.0
sql developer,,,,,,,,,,1.0,2.0,2.0,,,,,,,1.0
sql reporting services,,,,1.0,1.0,1.0,,,,,,,,,,,,,1.0
sql server,,,,,,,,,,,,,,,,1.0,8.0,8.0,1.0
sql server reporting services,2.0,1.5,1.5,1.0,1.0,1.0,1.0,1.0,1.0,,,,,,,,,,4.0
ssps,,,,,,,1.0,1.0,1.0,,,,,,,,,,1.0
ssrs,,,,1.0,1.0,1.0,2.0,1.0,1.0,,,,1.0,2.0,2.0,2.0,1.5,1.5,6.0
stata,2.0,1.5,1.5,2.0,1.0,1.0,4.0,1.0,1.25,3.0,4.5,4.25,1.0,3.0,3.0,1.0,18.0,18.0,13.0
stata / sas,,,,,,,,,,1.0,1.0,1.0,,,,,,,1.0
statistica,1.0,2.0,2.0,,,,,,,,,,,,,,,,1.0
stimulsoft dashboards.web üëéüëéüëé,,,,,,,1.0,1.0,1.0,,,,,,,,,,1.0
streamlit,1.0,1.0,1.0,1.0,1.0,1.0,,,,,,,,,,,,,2.0
superblocks,1.0,1.0,1.0,,,,,,,,,,,,,,,,1.0
superhi,,,,1.0,11.0,11.0,,,,,,,,,,,,,1.0
superset,,,,1.0,3.0,3.0,1.0,1.0,1.0,,,,1.0,6.0,6.0,,,,3.0
surfer,,,,,,,,,,,,,,,,1.0,3.0,3.0,1.0
svelte,52.0,9.0,9.673076923076923,19.0,1.0,1.2272727272727273,8.0,1.0,1.375,1.0,5.0,5.0,3.0,6.0,8.0,,,,83.0
svelte.js,,,,1.0,1.0,1.0,,,,,,,,,,,,,1.0
svelte.js for page templating,,,,1.0,1.0,1.0,,,,,,,,,,,,,1.0
svg,2.0,2.5,2.5,2.0,1.0,1.25,1.0,2.0,2.0,3.0,7.0,8.6,,,,1.0,8.5,8.5,9.0
svg animation,,,,1.0,1.0,1.0,,,,,,,,,,,,,1.0
svg.js,,,,,,,,,,1.0,7.0,7.0,1.0,13.0,13.0,,,,2.0
svgwrite,,,,,,,,,,,,,1.0,4.0,4.0,,,,1.0
synerscope marcato,,,,,,,,,,,,,,,,1.0,3.0,3.0,1.0
tableau,590.0,5.0,5.810169491525424,855.0,5.0,4.982456140350878,637.0,5.0,5.073783359497646,610.0,5.0,5.1245901639344265,267.0,4.0,4.868913857677903,356.0,5.0,5.196629213483146,3315.0
tableau public,1.0,4.0,4.0,,,,,,,,,,,,,,,,1.0
tables from spss output,,,,1.0,1.0,1.0,,,,,,,,,,,,,1.0
tablet: e.g.,1.0,2.0,2.0,,,,,,,,,,,,,,,,1.0
tabx,,,,,,,1.0,1.0,1.0,1.0,5.0,5.0,,,,,,,2.0
tbd for upcoming,,,,1.0,1.0,1.0,,,,,,,,,,,,,1.0
tethr,,,,1.0,3.0,3.0,,,,,,,,,,,,,1.0
think-cell,1.0,1.0,1.0,1.0,2.0,2.0,,,,1.0,3.0,3.0,,,,,,,3.0
thinkcell,1.0,1.0,1.0,,,,1.0,1.0,1.0,,,,,,,,,,2.0
this seems equivalent),,,,,,,1.0,3.0,3.0,,,,,,,,,,1.0
thoughspot,,,,,,,1.0,3.0,3.0,,,,,,,,,,1.0
thoughtspot,,,,1.0,3.0,3.0,1.0,1.0,1.0,1.0,2.0,2.0,,,,,,,3.0
three.js,,,,,,,1.0,2.0,2.0,2.0,12.0,12.0,1.0,9.0,9.0,1.0,5.0,5.0,5.0
threejs,1.0,4.0,4.0,,,,,,,,,,,,,,,,1.0
tibco spotfire,,,,1.0,1.0,1.0,1.0,1.0,1.0,4.0,6.0,6.0,1.0,1.0,1.0,2.0,5.5,5.5,9.0
tikz,,,,,,,,,,1.0,7.0,7.0,1.0,5.0,5.0,,,,2.0
tom sawyer software,,,,,,,,,,,,,1.0,5.0,5.0,,,,1.0
topojson,,,,,,,,,,,,,,,,1.0,9.0,9.0,1.0
toucan toco,,,,,,,1.0,1.0,1.0,,,,,,,,,,1.0
trifacta,,,,,,,1.0,1.0,1.0,,,,,,,,,,1.0
truoi,1.0,1.0,1.0,,,,,,,,,,,,,,,,1.0
turf.js,,,,,,,,,,2.0,9.0,9.0,,,,,,,2.0
tuvalabs.com data exploration environment,1.0,1.0,1.0,,,,,,,,,,,,,,,,1.0
typescript,,,,,,,,,,,,,1.0,3.0,3.0,,,,1.0
typescript w,,,,1.0,3.0,3.0,,,,,,,,,,,,,1.0
ucinet,,,,1.0,2.0,2.0,,,,,,,,,,,,,1.0
ucinet/netdraw,,,,,,,,,,1.0,5.0,5.0,,,,,,,1.0
ui. custom css,,,,1.0,5.0,5.0,,,,,,,,,,,,,1.0
ui18,,,,1.0,11.0,11.0,,,,,,,,,,,,,1.0
uki.js,,,,,,,1.0,1.0,1.0,,,,,,,,,,1.0
unfortunately,,,,,,,1.0,2.0,2.0,,,,,,,,,,1.0
unity,3.0,1.0,1.3333333333333333,,,,2.0,2.0,3.0,1.0,8.0,9.666666666666666,2.0,10.0,10.0,,,,8.0
unity c#,,,,,,,1.0,1.0,1.0,,,,,,,,,,1.0
unity3d,,,,1.0,1.0,1.0,,,,2.0,12.0,12.0,,,,,,,3.0
unreal,,,,,,,,,,,,,1.0,14.0,14.0,,,,1.0
unreal engine,,,,1.0,2.0,2.0,,,,1.0,3.0,3.0,,,,,,,2.0
unsplash,,,,1.0,11.0,11.0,,,,,,,,,,,,,1.0
use raw charts,,,,1.0,2.0,2.0,,,,,,,,,,,,,1.0
ux,,,,1.0,5.0,5.0,,,,,,,,,,,,,1.0
uxpin,,,,,,,,,,1.0,9.0,9.0,,,,,,,1.0
vanilla javascript,,,,1.0,2.0,2.0,,,,1.0,10.0,10.0,2.0,5.0,5.0,,,,4.0
vanilla script,,,,1.0,1.5,1.5,,,,,,,,,,,,,1.0
vanilla script (manipulating either html or svg elements),,,,1.0,1.0,1.0,,,,,,,,,,,,,1.0
various packages (not just ggplot or plotly),,,,1.0,2.0,2.0,,,,,,,,,,,,,1.0
vector tools,,,,,,,,,,1.0,5.0,5.0,,,,,,,1.0
vega,37.0,8.0,9.45945945945946,49.0,8.0,7.73469387755102,67.0,7.0,7.835820895522388,57.0,7.0,8.0,36.0,8.0,8.027027027027026,33.0,7.0,7.818181818181818,279.0
vega-lite,,,,1.0,1.0,1.0,,,,,,,1.0,10.0,10.0,2.0,5.0,5.0,4.0
venngage,,,,2.0,2.5,2.5,,,,1.0,5.0,5.0,,,,1.0,5.0,5.0,4.0
victory,,,,,,,,,,,,,2.0,8.0,8.0,,,,2.0
virtual realityblike three.js,,,,,,,1.0,3.0,3.0,,,,,,,,,,1.0
vis js,,,,,,,,,,,,,1.0,4.0,4.0,,,,1.0
visa chart components (vcc),,,,1.0,1.0,1.0,,,,,,,,,,,,,1.0
visdown.amitkaps.com,,,,,,,,,,,,,,,,1.0,10.0,10.0,1.0
visier,1.0,1.0,1.0,,,,,,,,,,,,,,,,1.0
visio,,,,1.0,6.0,6.0,1.0,1.0,1.6666666666666667,1.0,6.0,6.0,,,,,,,3.0
visit,,,,,,,2.0,2.5,2.5,,,,,,,1.0,13.0,13.0,3.0
visme,1.0,1.0,1.0,1.0,4.0,4.0,1.0,2.0,2.0,,,,,,,,,,3.0
visone,,,,1.0,2.0,2.0,,,,,,,,,,,,,1.0
visual force,,,,,,,,,,,,,,,,1.0,9.0,9.0,1.0
visualizations using pure javascript,,,,,,,1.0,5.0,5.0,,,,,,,,,,1.0
visx,1.0,1.0,1.0,2.0,1.0,1.0,,,,,,,,,,,,,3.0
vivagraphjs,,,,1.0,2.0,2.0,,,,,,,,,,,,,1.0
vive,,,,,,,,,,,,,,,,1.0,13.0,13.0,1.0
viya,1.0,3.0,3.0,,,,,,,,,,,,,,,,1.0
vizlib,,,,,,,1.0,1.0,1.0,,,,,,,,,,1.0
vizualizer (wordpress plugin),,,,1.0,2.0,2.0,,,,,,,,,,,,,1.0
vizzlo,,,,1.0,4.0,4.0,,,,,,,,,,,,,1.0
vmd,,,,,,,,,,1.0,5.0,5.0,,,,,,,1.0
vosviewer,,,,1.0,2.0,2.0,,,,,,,,,,1.0,3.0,3.0,2.0
voxpopme,,,,1.0,2.0,2.0,,,,,,,,,,,,,1.0
voyant,,,,,,,,,,1.0,12.0,12.0,,,,,,,1.0
vr,,,,,,,1.0,2.0,2.0,,,,,,,,,,1.0
vtk,,,,2.0,3.0,3.0,2.0,4.5,4.5,1.0,4.0,4.0,,,,1.0,7.0,7.0,6.0
vue,29.0,9.0,9.275862068965518,51.0,8.0,8.137254901960784,47.0,8.0,7.574468085106383,49.0,8.0,8.224489795918368,37.0,8.0,7.216216216216216,,,,213.0
vulcan,,,,,,,1.0,7.0,7.0,,,,,,,,,,1.0
vx,,,,,,,1.0,1.0,1.0,1.0,6.0,6.0,3.0,9.0,7.333333333333333,,,,5.0
watson analytics,,,,,,,1.0,3.0,3.0,,,,,,,,,,1.0
we custom built a software stack the incorporates many of these.,,,,1.0,1.0,1.0,,,,,,,,,,,,,1.0
we have built our own javascript data visualization library,1.0,1.0,1.0,,,,,,,,,,,,,,,,1.0
web brain,,,,,,,,,,1.0,14.0,14.0,,,,,,,1.0
web components,35.0,7.0,8.685714285714285,79.0,7.0,7.772151898734177,72.0,8.0,7.958333333333333,63.0,8.0,8.444444444444445,40.0,7.0,7.625,,,,289.0
web technologies,,,,1.0,1.0,1.0,,,,,,,,,,,,,1.0
webfocus,,,,1.0,1.0,1.0,,,,,,,,,,,,,1.0
webgl,49.0,10.0,9.63265306122449,65.0,8.0,8.584615384615384,81.0,8.0,8.703703703703704,103.0,9.0,8.932038834951456,74.0,8.0,8.08108108108108,107.0,7.0,7.5327102803738315,479.0
webi,,,,,,,1.0,3.0,3.0,1.0,5.5,5.5,,,,,,,2.0
weights & biases,,,,1.0,1.0,1.0,,,,,,,,,,,,,1.0
whiteboard,1.0,2.0,2.0,,,,,,,1.0,8.0,8.0,,,,,,,2.0
whiteboard- physical or zoom,,,,1.0,4.0,4.0,,,,,,,,,,,,,1.0
whiteboards,,,,,,,,,,,,,1.0,13.0,13.0,,,,1.0
why is raw.io not on this list?!,,,,1.0,1.0,1.0,,,,,,,,,,,,,1.0
word,2.0,1.0,1.6666666666666667,4.0,1.0,1.1666666666666667,1.0,2.0,2.0,1.0,4.0,4.0,1.0,2.0,2.0,,,,9.0
workday,,,,1.0,1.0,1.0,,,,,,,,,,,,,1.0
xd,2.0,1.5,1.5,2.0,1.5,1.8333333333333333,,,,1.0,5.0,6.2,,,,,,,5.0
xlcubed,,,,,,,1.0,2.0,2.0,,,,,,,,,,1.0
xlstat,1.0,2.0,2.0,,,,,,,,,,,,,,,,1.0
yellowbrick,,,,,,,,,,1.0,6.0,6.0,,,,,,,1.0
yellowfin,,,,,,,1.0,1.0,1.0,,,,,,,,,,1.0
zebra bi,,,,1.0,2.0,2.0,1.0,2.0,2.0,,,,,,,,,,2.0
zepellin,,,,,,,,,,,,,,,,1.0,5.0,5.0,1.0
zeplin.,,,,1.0,4.0,4.0,,,,,,,,,,,,,1.0
zeppelin (nvd3),,,,,,,,,,,,,,,,1.0,3.0,3.0,1.0
zing charts,1.0,1.0,1.0,,,,,,,,,,,,,,,,1.0
zingchart,,,,1.0,1.0,1.0,,,,,,,,,,,,,1.0
zingchart & zinggrid,,,,,,,,,,1.0,1.0,1.0,,,,,,,1.0
zoho analytics,1.0,1.0,1.0,1.0,1.0,1.0,,,,,,,,,,,,,2.0
‚Äãarcgis,,,,,,,127.0,6.0,7.0,,,,,,,,,,127.0
‚Äúvanilla‚Äù javascript,1.0,2.0,2.0,,,,,,,,,,,,,,,,1.0
